BrugerId,Domæne,OprettetDato,RegistrantValideret,RegistrantLand,abusemanager_info,Certifikat
0x0783B98C429A701E3AA490C842CD5484470768B6FE0277BF16F2C4B29F1315C9,mnwebdesign.dk,2007-05-25,Ja,Danmark,"{'report_id': 18670246, 'tld': 'dk', 'source': 'Malware Patrol', 'category': 'Malware', 'added': '2024-02-27', 'url': 'mnwebdesign.dk', 'details': 'trojan', 'active': 'No'}",
0x7A96748FE50FDF260579E906BDC7BCB753E43E1217FD2BC20FD2C7855D0B843A,regionstog.dk,2008-09-03,Ja,Danmark,"{'report_id': 25773587, 'tld': 'dk', 'source': 'Spamhaus', 'category': 'Spam', 'added': '2024-11-05', 'url': 'regionstog.dk', 'details': 'https://check.spamhaus.org/results/?query=regionstog.dk', 'active': 'No'}",
0xDD2A3ABDDEE923843C5DD675E6F68B3D419BD216C6EC16B7C5D01E5CBC53D30E,digimate.dk,2003-08-13,Nej,Danmark,"{'report_id': 34779622, 'tld': 'dk', 'source': 'Anti-Phishing Working Group', 'category': 'Phishing', 'added': '2025-06-27', 'url': 'http://digimate.dk/', 'details': 'No Data', 'active': 'No'}",
0xDD9CF7C13DB3575B71AE7C64C76B7C8C1F272BA8DFB293522D555EA748153E90,sitehosting.dk,2024-08-29,Ja,Brasilien,"{'report_id': 23258452, 'tld': 'dk', 'source': 'Spamhaus', 'category': 'Spam', 'added': '2024-09-09', 'url': 'sitehosting.dk', 'details': 'https://check.spamhaus.org/results/?query=sitehosting.dk', 'active': 'No'}",
0xA634E7A7FC521338E231FE27F8F97EDE719C79D18DB7B661C9EF199ED82E46CA,superastore.dk,2025-05-23,Nej,Tjekkiet,"{'report_id': 36637861, 'tld': 'dk', 'source': 'Spamhaus', 'category': 'Phishing', 'added': '2025-09-07', 'url': 'superastore.dk', 'details': 'https://check.spamhaus.org/results/?query=superastore.dk', 'active': 'No'}",
0x8D1F9098DE57428D329F4ED570E523AC8F38AFC54AD2CCB00C46FCEE4280124F,gymnathlon.dk,2025-04-20,Nej,Tjekkiet,"{'report_id': 36637851, 'tld': 'dk', 'source': 'Spamhaus', 'category': 'Phishing', 'added': '2025-09-07', 'url': 'gymnathlon.dk', 'details': 'https://check.spamhaus.org/results/?query=gymnathlon.dk', 'active': 'No'}",
0xAC8B7186C0C58A6D2A53BC4FF490F4FA980C34F7DADC00FCDB703F0ED9649E73,accoladefund.dk,2025-06-25,Nej,Tjekkiet,"{'report_id': 36637841, 'tld': 'dk', 'source': 'Spamhaus', 'category': 'Phishing', 'added': '2025-09-07', 'url': 'accoladefund.dk', 'details': 'https://check.spamhaus.org/results/?query=accoladefund.dk', 'active': 'No'}",
0xCAC23D747C3045C0B03C3F382799181C68F62388A6B69C0C79784AF3C89ADB02,adsport.dk,2025-07-16,Nej,Tjekkiet,"{'report_id': 36637843, 'tld': 'dk', 'source': 'Spamhaus', 'category': 'Phishing', 'added': '2025-09-07', 'url': 'adsport.dk', 'details': 'https://check.spamhaus.org/results/?query=adsport.dk', 'active': 'No'}",
0xAC8B7186C0C58A6D2A53BC4FF490F4FA980C34F7DADC00FCDB703F0ED9649E73,accoladefunds.dk,2025-06-25,Nej,Tjekkiet,"{'report_id': 36637842, 'tld': 'dk', 'source': 'Spamhaus', 'category': 'Phishing', 'added': '2025-09-07', 'url': 'accoladefunds.dk', 'details': 'https://check.spamhaus.org/results/?query=accoladefunds.dk', 'active': 'No'}",
0x698FC2939585DA3AA4E4DEE9A28E068B6D70EBF23A5005F7AC32747964527423,sportspotten.dk,2019-08-12,Nej,Danmark,"{'report_id': 31630928, 'tld': 'dk', 'source': 'Google Web Risk', 'category': 'Phishing', 'added': '2025-03-19', 'url': 'sportspotten.dk', 'details': 'https://transparencyreport.google.com/safe-browsing/search?url=sportspotten.dk', 'active': 'No'}",
0x220DEAE0B8989E676B61581406CD0AC5A6BAD504FE175D790652DEA8A3E85657,advisera.dk,2018-08-22,Ja,Danmark,"{'report_id': 18670077, 'tld': 'dk', 'source': 'Google Web Risk', 'category': 'Phishing', 'added': '2024-02-27', 'url': 'advisera.dk', 'details': 'https://transparencyreport.google.com/safe-browsing/search?url=advisera.dk', 'active': 'No'}",
0x343A0DBCE5A4C49210BB7C6575D8C9D82119F66E57C6F8C3190782DB4164F61E,hula.dk,2003-01-07,Nej,Danmark,"{'report_id': 18670115, 'tld': 'dk', 'source': 'Google Web Risk', 'category': 'Phishing', 'added': '2024-02-27', 'url': 'hula.dk', 'details': 'https://transparencyreport.google.com/safe-browsing/search?url=hula.dk', 'active': 'No'}",
0x1B913B30EDD3D85E4DB1194E6A14993A4F65171789E8599CEFA039733E39F045,avino.dk,2001-02-05,Nej,Danmark,"{'report_id': 18670083, 'tld': 'dk', 'source': 'Google Web Risk', 'category': 'Phishing', 'added': '2024-02-27', 'url': 'avino.dk', 'details': 'https://transparencyreport.google.com/safe-browsing/search?url=avino.dk', 'active': 'No'}",
0xD704A02E6CC6836A31EA553540B68841C908B5B9FFBDF017C338C3BA63A66CDC,kiander.dk,2002-01-30,Nej,Danmark,"{'report_id': 18670124, 'tld': 'dk', 'source': 'Google Web Risk', 'category': 'Phishing', 'added': '2024-02-27', 'url': 'kiander.dk', 'details': 'https://transparencyreport.google.com/safe-browsing/search?url=kiander.dk', 'active': 'No'}",
0xB01B7B3C86017E70AE54D474A73E2208ED8EBEA486275CAF4772ACD8DBE42F4F,blackwellmunksgaard.dk,2001-08-21,Ja,Storbritannien,"{'report_id': 25773583, 'tld': 'dk', 'source': 'Spamhaus', 'category': 'Spam', 'added': '2024-11-05', 'url': 'blackwellmunksgaard.dk', 'details': 'https://check.spamhaus.org/results/?query=blackwellmunksgaard.dk', 'active': 'No'}",
0x4A10F0A1D7FB701CEF43F5FA52A833CEE71610B043802DEE57CEFC85318F250B,skivehs.dk,1995-07-04,Ja,Danmark,"{'report_id': 23192587, 'tld': 'dk', 'source': 'Spamhaus', 'category': 'Spam', 'added': '2024-09-05', 'url': 'skivehs.dk', 'details': 'https://check.spamhaus.org/results/?query=skivehs.dk', 'active': 'No'}",
0x620CDACB29EE580E63CD3A603254FBC9BD1DB984018D152AFE4620E6ACAEF868,cnm-service.dk,2003-05-01,Nej,Danmark,"{'report_id': 18670088, 'tld': 'dk', 'source': 'Google Web Risk', 'category': 'Phishing', 'added': '2024-02-27', 'url': 'cnm-service.dk', 'details': 'https://transparencyreport.google.com/safe-browsing/search?url=cnm-service.dk', 'active': 'No'}",
0x59C3DDBD9313B96BB8CD77F76D40BB462DFBEDEFE196994856DD75CACEA721B2,egeparken-gladsaxe.dk,2002-01-18,Nej,Danmark,"{'report_id': 18670096, 'tld': 'dk', 'source': 'Google Web Risk', 'category': 'Phishing', 'added': '2024-02-27', 'url': 'egeparken-gladsaxe.dk', 'details': 'https://transparencyreport.google.com/safe-browsing/search?url=egeparken-gladsaxe.dk', 'active': 'No'}",
0x988CCF963C6B09366FAF412AA753A127F5C383A5A55C6089C2CBFCE136DCC40B,amorefantasia.dk,2023-10-03,Ja,Sverige,"{'report_id': 18837842, 'tld': 'dk', 'source': 'Anti-Phishing Working Group', 'category': 'Phishing', 'added': '2024-03-06', 'url': 'http://745b481f.amorefantasia.dk/?bcd83&id=eztherapie.ch', 'details': 'No Data', 'active': 'No'}",
0x9A0BD54D993CF919EF7126E67F7146B3990828A45D811D2F2C7F0580096C9247,green-tea.dk,2011-03-11,Ja,Danmark,"{'report_id': 18670107, 'tld': 'dk', 'source': 'Google Web Risk', 'category': 'Phishing', 'added': '2024-02-27', 'url': 'green-tea.dk', 'details': 'https://transparencyreport.google.com/safe-browsing/search?url=green-tea.dk', 'active': 'No'}",
0x1E1F5B03BC709005F7A4F02084106F924CE3BD8DD64B3A3A4C2299C2035480D3,sportspotten.dk,2024-09-05,Nej,Danmark,"{'report_id': 31630928, 'tld': 'dk', 'source': 'Google Web Risk', 'category': 'Phishing', 'added': '2025-03-19', 'url': 'sportspotten.dk', 'details': 'https://transparencyreport.google.com/safe-browsing/search?url=sportspotten.dk', 'active': 'No'}",
0x5B5671FA580498F51733BEC0BA67C25C91C52D34480F579027F71586792F90C4,autolak-festudlejning.dk,2001-03-29,Nej,Danmark,"{'report_id': 18670030, 'tld': 'dk', 'source': 'Google Web Risk', 'category': 'Phishing', 'added': '2024-02-27', 'url': 'autolak-festudlejning.dk', 'details': 'https://transparencyreport.google.com/safe-browsing/search?url=autolak-festudlejning.dk', 'active': 'No'}",
0x73B2D210AF2EA5E72C20A1F0ADA5646471093F52C13F1E8B93521B5C5820AAC0,forums.dk,2020-10-15,Ja,Danmark,"{'report_id': 21791345, 'tld': 'dk', 'source': 'SURBL', 'category': 'Phishing', 'added': '2024-07-13', 'url': 'maria72-kaylamerritt.forums.dk', 'details': 'No Data', 'active': 'No'}",
0x15BCE8EA540F146D74C01C7BE0E2A92BB9D22259437B0C57A8162C48FF88ED65,rufruf.dk,2025-03-04,Nej,Tjekkiet,"{'report_id': 36637860, 'tld': 'dk', 'source': 'Spamhaus', 'category': 'Phishing', 'added': '2025-09-07', 'url': 'rufruf.dk', 'details': 'https://check.spamhaus.org/results/?query=rufruf.dk', 'active': 'No'}",
0x5A4C6130A96E36C236527A6A6DFD4EFB4894DFD755ECDB7F3ABA88C804052E7E,flatoe.dk,2005-09-07,Ja,Danmark,"{'report_id': 30563345, 'tld': 'dk', 'source': 'Spamhaus', 'category': 'Malware', 'added': '2025-02-07', 'url': 'flatoe.dk', 'details': 'https://check.spamhaus.org/results/?query=flatoe.dk', 'active': 'No'}",
0x7BEE3202D66CBF0B27DE8B82F0C006660C9EBCAE18D6687F3A9864B8EE5E1762,skunkanansiejam.dk,2007-09-20,Nej,Danmark,"{'report_id': 30450251, 'tld': 'dk', 'source': 'CRDF Threat Center', 'category': 'Malware', 'added': '2025-02-03', 'url': 'http://skunkanansiejam.dk/gb/index.php', 'details': 'No Data', 'active': 'No'}",
0xA5E859BE9916E05E12F60C8889F0CA9D1200D6420067C43BCEC77D58BD7CD356,hasselbjorn.dk,2017-03-02,Ja,Danmark,"{'report_id': 18670112, 'tld': 'dk', 'source': 'Google Web Risk', 'category': 'Phishing', 'added': '2024-02-27', 'url': 'hasselbjorn.dk', 'details': 'https://transparencyreport.google.com/safe-browsing/search?url=hasselbjorn.dk', 'active': 'No'}",
0x576AFCD4853BA70338B8AE3ABAE1D8DEBD49DFA4C40228D1E143381165E5679E,lavonio.dk,2025-05-30,Ja,Tjekkiet,"{'report_id': 36637853, 'tld': 'dk', 'source': 'Spamhaus', 'category': 'Phishing', 'added': '2025-09-07', 'url': 'lavonio.dk', 'details': 'https://check.spamhaus.org/results/?query=lavonio.dk', 'active': 'No'}",
0xC57689E7F082DB1ED2693B4F461B9C1EFA95F188314FD7777B024AC1F8A4D1AF,griptoro.dk,2025-08-12,Ja,Tjekkiet,"{'report_id': 36637849, 'tld': 'dk', 'source': 'Spamhaus', 'category': 'Phishing', 'added': '2025-09-07', 'url': 'griptoro.dk', 'details': 'https://check.spamhaus.org/results/?query=griptoro.dk', 'active': 'No'}",
0xAE3519DA5FE9E857DFECBE10DBFC369B7FBA444141D2C6F25A1CFB3A0AF47843,abol.dk,2005-10-17,Ja,Tyskland,"{'report_id': 18670075, 'tld': 'dk', 'source': 'Google Web Risk', 'category': 'Phishing', 'added': '2024-02-27', 'url': 'abol.dk', 'details': 'https://transparencyreport.google.com/safe-browsing/search?url=abol.dk', 'active': 'No'}",
0x5754CAB6B0CAB3084247B95A3B93ABA966A816179E32DD1F9221494560A6D534,armarius.dk,2004-05-14,Ja,Danmark,"{'report_id': 18670081, 'tld': 'dk', 'source': 'Google Web Risk', 'category': 'Phishing', 'added': '2024-02-27', 'url': 'armarius.dk', 'details': 'https://transparencyreport.google.com/safe-browsing/search?url=armarius.dk', 'active': 'No'}",
0x222F76637757A4560A5EB3ECE8429FA7A2518FFAA055423C536DBB258B8FDB9F,blj.dk,2000-10-31,Ja,Danmark,"{'report_id': 19809620, 'tld': 'dk', 'source': 'Malware Patrol', 'category': 'Malware', 'added': '2024-04-20', 'url': 'pan.blj.dk', 'details': 'trojan', 'active': 'No'}",
0xB709BC39543F0C2DD6CB0ECA13CDD3993600D72900558F17E3428FB843336E72,hyltebro.dk,2002-03-19,Nej,Danmark,"{'report_id': 18670116, 'tld': 'dk', 'source': 'Google Web Risk', 'category': 'Phishing', 'added': '2024-02-27', 'url': 'hyltebro.dk', 'details': 'https://transparencyreport.google.com/safe-browsing/search?url=hyltebro.dk', 'active': 'No'}",
0x2915C51CA92129ECF725DB7694CFA788A21B6D3E0ADA7236460632AB34914DAD,frederiksyvtal.dk,2001-10-10,Ja,Danmark,"{'report_id': 18670103, 'tld': 'dk', 'source': 'Google Web Risk', 'category': 'Phishing', 'added': '2024-02-27', 'url': 'frederiksyvtal.dk', 'details': 'https://transparencyreport.google.com/safe-browsing/search?url=frederiksyvtal.dk', 'active': 'No'}",
0x81970C996F53FE00F5A2AC8FA607DC1D9DFFC248337E3634AB4D0340DA788DDE,mobilabonnementet.dk,2023-01-25,Ja,Danmark,"{'report_id': 33054447, 'tld': 'dk', 'source': 'SURBL', 'category': 'Spam', 'added': '2025-04-07', 'url': 'telenor-apn.mobilabonnementet.dk', 'details': 'No Data', 'active': 'No'}",
0x347C1279CC46A5E8F0569BF53B061CD092971919127C036AD334A70A833A7E1A,ups-delivery.dk,2023-11-23,Ja,Frankrig,"{'report_id': 18670393, 'tld': 'dk', 'source': 'Spamhaus', 'category': 'Phishing', 'added': '2024-02-27', 'url': 'ups-delivery.dk', 'details': 'https://check.spamhaus.org/results/?query=ups-delivery.dk', 'active': 'No'}",
0x8510951A6B3535A2362D62C36FE90928E90FF005A67B1C641B0B84EBA6259F7B,distillers.dk,2023-10-10,Ja,Bulgarien,"{'report_id': 27756609, 'tld': 'dk', 'source': 'Spamhaus', 'category': 'Spam', 'added': '2024-12-24', 'url': 'distillers.dk', 'details': 'https://check.spamhaus.org/results/?query=distillers.dk', 'active': 'No'}",
0x4317EF88DFE87B51865CC2EE9E62AD5DF832345BF36157D1AC924EADE1AE51F7,edgecomputing.dk,2021-01-21,Ja,Danmark,"{'report_id': 18670095, 'tld': 'dk', 'source': 'Google Web Risk', 'category': 'Phishing', 'added': '2024-02-27', 'url': 'edgecomputing.dk', 'details': 'https://transparencyreport.google.com/safe-browsing/search?url=edgecomputing.dk', 'active': 'No'}",
0xEE9F0B840F3C98EDB8B12AD68670A6966371AA4798D0C05B2C23A1298EA679C6,coolcafe.dk,2001-06-06,Nej,Danmark,"{'report_id': 18670089, 'tld': 'dk', 'source': 'Google Web Risk', 'category': 'Phishing', 'added': '2024-02-27', 'url': 'coolcafe.dk', 'details': 'https://transparencyreport.google.com/safe-browsing/search?url=coolcafe.dk', 'active': 'No'}",
0x1DEB26004BBD4CE8626FE904287BABBD2B724D30FF35B8FC79EE1AF43A03876E,akutsvejs.dk,2015-11-16,Nej,Danmark,"{'report_id': 18670078, 'tld': 'dk', 'source': 'Google Web Risk', 'category': 'Phishing', 'added': '2024-02-27', 'url': 'akutsvejs.dk', 'details': 'https://transparencyreport.google.com/safe-browsing/search?url=akutsvejs.dk', 'active': 'No'}",
0x007FA0AA895CF184DF46D9C080D4B74A1CFC7C3C686FD520077CC98C310D47A0,borderlinenetvaerket.dk,2012-01-25,Nej,Danmark,"{'report_id': 23210608, 'tld': 'dk', 'source': 'Spamhaus', 'category': 'Spam', 'added': '2024-09-06', 'url': 'borderlinenetvaerket.dk', 'details': 'https://check.spamhaus.org/results/?query=borderlinenetvaerket.dk', 'active': 'No'}",
0xF95EC499B750FD40570BD0B2043774D98E248BB6023A89D40FF3A3AC11FCC745,sorgrobot.dk,2023-11-22,Ja,Danmark,"{'report_id': 32131057, 'tld': 'dk', 'source': 'Spamhaus', 'category': 'Spam', 'added': '2025-03-29', 'url': 'sorgrobot.dk', 'details': 'https://check.spamhaus.org/results/?query=sorgrobot.dk', 'active': 'No'}",
0x6F2E687F53FB87E4696590B07B19AB29ECDF2F685093C4DD95ECD33FC5EA6B8E,mitanonymekontakt.dk,2022-05-11,Ja,Nederlandene (Holland),"{'report_id': 25919500, 'tld': 'dk', 'source': 'SURBL', 'category': 'Spam', 'added': '2024-11-10', 'url': 'mitanonymekontakt.dk', 'details': 'No Data', 'active': 'No'}",
0x6F2E687F53FB87E4696590B07B19AB29ECDF2F685093C4DD95ECD33FC5EA6B8E,hemmeligmilfkontakt.dk,2022-05-11,Ja,Nederlandene (Holland),"{'report_id': 34561084, 'tld': 'dk', 'source': 'SURBL', 'category': 'Spam', 'added': '2025-06-19', 'url': 'hemmeligmilfkontakt.dk', 'details': 'No Data', 'active': 'No'}",
0xB98F53FC842A21A57B9CEE80EF14520592898B0E7F525E350E3E4B1F826D9750,kovdal.dk,2006-03-03,Ja,Danmark,"{'report_id': 21898173, 'tld': 'dk', 'source': 'CRDF Threat Center', 'category': 'Malware', 'added': '2024-07-19', 'url': 'http://kovdal.dk', 'details': 'No Data', 'active': 'No'}",
0x394C0278FB486BDCE1F02DD9D4A9AC763E8E9E896CF077EDCC8CE06A506ED199,lithosacoustic.dk,2014-05-20,Ja,Sverige,"{'report_id': 18670318, 'tld': 'dk', 'source': 'Malware Patrol', 'category': 'Malware', 'added': '2024-02-27', 'url': 'lithosacoustic.dk', 'details': 'mining', 'active': 'No'}",
0x8AAD4DF1A8A39A01F74AFB880ECE854DEA0CE5FE6CEAAF95FD682D53C4FFF1EB,dinesenmail.dk,2001-03-27,Ja,Danmark,"{'report_id': 18670091, 'tld': 'dk', 'source': 'Google Web Risk', 'category': 'Phishing', 'added': '2024-02-27', 'url': 'dinesenmail.dk', 'details': 'https://transparencyreport.google.com/safe-browsing/search?url=dinesenmail.dk', 'active': 'No'}",
0x4FB627BE977B7B67F302CB8EF78E65165BEA9D94612867CD6E113DC6FE8BE9E5,barfsyd.dk,2015-03-31,Ja,Danmark,"{'report_id': 18670031, 'tld': 'dk', 'source': 'Google Web Risk', 'category': 'Phishing', 'added': '2024-02-27', 'url': 'barfsyd.dk', 'details': 'https://transparencyreport.google.com/safe-browsing/search?url=barfsyd.dk', 'active': 'No'}",
0xFEA7D0AF087DF0D9B23D0EA79705D679501580A2C12E4318F363FF332787CCBB,jam-photo.dk,2009-05-29,Nej,Danmark,"{'report_id': 18670120, 'tld': 'dk', 'source': 'Google Web Risk', 'category': 'Phishing', 'added': '2024-02-27', 'url': 'jam-photo.dk', 'details': 'https://transparencyreport.google.com/safe-browsing/search?url=jam-photo.dk', 'active': 'No'}",
0xFF7009ED4229AAD5CA2DBDD4A64ECE35D694896E6245D18D0440C0D76C592C0F,gyldendal.dk,1995-01-05,Ja,Danmark,"{'report_id': 21791346, 'tld': 'dk', 'source': 'SURBL', 'category': 'Phishing', 'added': '2024-07-13', 'url': 'jacksondaniel-blarson.gyldendal.dk', 'details': 'No Data', 'active': 'No'}",
0x4BCF2A7790E024AEB46A35111DF52BD2D0E18AB88326F86EF1660433CB9C92F1,pendefender.dk,2017-07-22,Ja,Danmark,"{'report_id': 29626668, 'tld': 'dk', 'source': 'Google Web Risk', 'category': 'Phishing', 'added': '2025-01-27', 'url': 'pendefender.dk', 'details': 'https://transparencyreport.google.com/safe-browsing/search?url=pendefender.dk', 'active': 'No'}",
0x6A5304A5DABE793673305E1F4D56E6DA6F324986E74329A7123B71F9FACF9C91,jais.dk,1998-11-05,Ja,Danmark,"{'report_id': 35857131, 'tld': 'dk', 'source': 'SURBL', 'category': 'Phishing', 'added': '2025-07-24', 'url': 'jais.dk', 'details': 'No Data', 'active': 'No'}",
0x3418C7F0C57DF8318707D34E098BC379BFEECC89CF249011422E3EFA0682D48D,kikkenborgsdataservice.dk,2005-12-23,Ja,Danmark,"{'report_id': 18670239, 'tld': 'dk', 'source': 'Malware Patrol', 'category': 'Malware', 'added': '2024-02-27', 'url': 'kikkenborgsdataservice.dk', 'details': 'trojan', 'active': 'Yes'}",
0x8791AF34AE1E9D64CDB3E45C958B99DAF84CA9E4C0414AC70841B83A6C86C772,malerinde.dk,2009-05-18,Ja,Danmark,"{'report_id': 35857132, 'tld': 'dk', 'source': 'SURBL', 'category': 'Phishing', 'added': '2025-07-24', 'url': 'malerinde.dk', 'details': 'No Data', 'active': 'No'}",
0xBBD8DD902DA3F5B33C2F1A0AA9CB45D84BE9B9A1F9DA0B2FFBF97F8642F50FFB,arkitekturivirkeligheden.dk,2016-07-29,Ja,Danmark,"{'report_id': 30964046, 'tld': 'dk', 'source': 'Google Web Risk', 'category': 'Phishing', 'added': '2025-03-01', 'url': 'arkitekturivirkeligheden.dk', 'details': 'https://transparencyreport.google.com/safe-browsing/search?url=arkitekturivirkeligheden.dk', 'active': 'Yes'}",
0xF2EECD6E94B08BEA46E5270D4710D0315939B7273395ABCC2B8885EB9C620D4A,kjellberg.dk,2000-05-12,Nej,Danmark,"{'report_id': 18670126, 'tld': 'dk', 'source': 'Google Web Risk', 'category': 'Phishing', 'added': '2024-02-27', 'url': 'kjellberg.dk', 'details': 'https://transparencyreport.google.com/safe-browsing/search?url=kjellberg.dk', 'active': 'No'}",
0xC62049CB44B000A28039F43683B97860B72141BE138F81252FFD9A19BCA38EA4,greenheavyline.dk,2013-05-13,Ja,Danmark,"{'report_id': 18670108, 'tld': 'dk', 'source': 'Google Web Risk', 'category': 'Phishing', 'added': '2024-02-27', 'url': 'greenheavyline.dk', 'details': 'https://transparencyreport.google.com/safe-browsing/search?url=greenheavyline.dk', 'active': 'No'}",
0x8D43CA17C893F13E362D3961B5CC9C1487D9594E74681030BA26CAAC2CFF33BD,fyensradio.dk,2009-04-06,Ja,Danmark,"{'report_id': 18670105, 'tld': 'dk', 'source': 'Google Web Risk', 'category': 'Phishing', 'added': '2024-02-27', 'url': 'fyensradio.dk', 'details': 'https://transparencyreport.google.com/safe-browsing/search?url=fyensradio.dk', 'active': 'No'}",
0x2EED0EFB31B90E2DC5124E4208E9D708E578C94187D57FCEAD290D65AAD76AAE,frelsenshaer.dk,2002-01-08,Ja,Danmark,"{'report_id': 25685817, 'tld': 'dk', 'source': 'SURBL', 'category': 'Spam', 'added': '2024-11-01', 'url': 'frelsenshaer.dk', 'details': 'No Data', 'active': 'No'}",
0xD0D871999A6A8E911D5F9B3081884F375EE21A627041567E2D5655DB3A8F350F,cl-consulting.dk,2006-09-19,Ja,Danmark,"{'report_id': 18670087, 'tld': 'dk', 'source': 'Google Web Risk', 'category': 'Phishing', 'added': '2024-02-27', 'url': 'cl-consulting.dk', 'details': 'https://transparencyreport.google.com/safe-browsing/search?url=cl-consulting.dk', 'active': 'No'}",
0xABE62EAE326531639F191D695DD71F70CDCCDA73A3BA1792A2C91165B80F0D6B,haldager.dk,2001-08-13,Ja,Danmark,"{'report_id': 18670111, 'tld': 'dk', 'source': 'Google Web Risk', 'category': 'Phishing', 'added': '2024-02-27', 'url': 'haldager.dk', 'details': 'https://transparencyreport.google.com/safe-browsing/search?url=haldager.dk', 'active': 'No'}",
0xCB4E88D419B241CDA27BA8E4F862620C9152906D4F666639C8B93C86C7710B4D,abw.dk,2002-01-21,Ja,Danmark,"{'report_id': 18670076, 'tld': 'dk', 'source': 'Google Web Risk', 'category': 'Phishing', 'added': '2024-02-27', 'url': 'abw.dk', 'details': 'https://transparencyreport.google.com/safe-browsing/search?url=abw.dk', 'active': 'No'}",
0x960E2C4922F7DB45BEE949C3AFE1CB56E4EEFF8A7395462B999B5E1FF13210DC,bfbrand.dk,2001-03-26,Ja,Danmark,"{'report_id': 18670084, 'tld': 'dk', 'source': 'Google Web Risk', 'category': 'Phishing', 'added': '2024-02-27', 'url': 'bfbrand.dk', 'details': 'https://transparencyreport.google.com/safe-browsing/search?url=bfbrand.dk', 'active': 'No'}",
0xBEA212D435AB66983C7CC98025ECABF4F2F7DDFBD524F1556DF1DF6E30885D86,petworld-vet.dk,2013-02-19,Ja,Danmark,"{'report_id': 29541482, 'tld': 'dk', 'source': 'Spamhaus', 'category': 'Phishing', 'added': '2025-01-23', 'url': 'petworld-vet.dk', 'details': 'https://check.spamhaus.org/results/?query=petworld-vet.dk', 'active': 'No'}",
0x312ED6D5224F6D85E4FE1B9C8152C56539006E88E10A00B33622FD31BBF2F9D4,greenmachine.dk,2009-09-30,Ja,Danmark,"{'report_id': 18670109, 'tld': 'dk', 'source': 'Google Web Risk', 'category': 'Phishing', 'added': '2024-02-27', 'url': 'greenmachine.dk', 'details': 'https://transparencyreport.google.com/safe-browsing/search?url=greenmachine.dk', 'active': 'No'}",
0x465CA2BB4785B02BAC435C2BE97CC5480A12E401142ABDED96836C318640AB77,framesi.dk,2010-09-29,Nej,Danmark,"{'report_id': 18670100, 'tld': 'dk', 'source': 'Google Web Risk', 'category': 'Phishing', 'added': '2024-02-27', 'url': 'framesi.dk', 'details': 'https://transparencyreport.google.com/safe-browsing/search?url=framesi.dk', 'active': 'No'}",
0xF452DA0E51B2221C8042BE74A1F8A30A7D1B84C9262A17CF9C9718B26492C806,jkjagt.dk,2001-07-02,Nej,Danmark,"{'report_id': 18670121, 'tld': 'dk', 'source': 'Google Web Risk', 'category': 'Phishing', 'added': '2024-02-27', 'url': 'jkjagt.dk', 'details': 'https://transparencyreport.google.com/safe-browsing/search?url=jkjagt.dk', 'active': 'No'}",
0xEC6AEBFCE20C7BD1DDA50BDFE1A58B6FE5A4867C6DEFB11BAE4A091886F517A0,flexproperty.dk,2007-03-01,Ja,Danmark,"{'report_id': 18670099, 'tld': 'dk', 'source': 'Google Web Risk', 'category': 'Phishing', 'added': '2024-02-27', 'url': 'flexproperty.dk', 'details': 'https://transparencyreport.google.com/safe-browsing/search?url=flexproperty.dk', 'active': 'No'}",
0x44611303903D18986956A88467BC607F8506B0D38047395D2B5D2F9805DE5121,kimit.dk,2001-02-16,Nej,Danmark,"{'report_id': 18670125, 'tld': 'dk', 'source': 'Google Web Risk', 'category': 'Phishing', 'added': '2024-02-27', 'url': 'kimit.dk', 'details': 'https://transparencyreport.google.com/safe-browsing/search?url=kimit.dk', 'active': 'No'}",
0x2DE48E41C64208D63A21E9A5725CEA8AC6C26FC61B6F3E3728363D69B9DDA06A,gulv-holdet.dk,1999-01-07,Ja,Danmark,"{'report_id': 18670110, 'tld': 'dk', 'source': 'Google Web Risk', 'category': 'Phishing', 'added': '2024-02-27', 'url': 'gulv-holdet.dk', 'details': 'https://transparencyreport.google.com/safe-browsing/search?url=gulv-holdet.dk', 'active': 'No'}",
0xBAAADFD42E26A94DCCE7C34D1928C4D2FC460EF7143626EECD67F8F23CE0F557,kallhovde.dk,2001-06-19,Nej,Danmark,"{'report_id': 18670123, 'tld': 'dk', 'source': 'Google Web Risk', 'category': 'Phishing', 'added': '2024-02-27', 'url': 'kallhovde.dk', 'details': 'https://transparencyreport.google.com/safe-browsing/search?url=kallhovde.dk', 'active': 'No'}",
0xE8B2739B7854B1502E5711DCB449F0DAE86915410FD518C68FF7F33A592218DF,glaspusteri.dk,2000-12-12,Ja,Danmark,"{'report_id': 18670106, 'tld': 'dk', 'source': 'Google Web Risk', 'category': 'Phishing', 'added': '2024-02-27', 'url': 'glaspusteri.dk', 'details': 'https://transparencyreport.google.com/safe-browsing/search?url=glaspusteri.dk', 'active': 'No'}",
0xD6319393D77334BA71FD158C648D9508D70DCADA8E0DF09636F50590B95DE6A6,extraportal.dk,2009-12-01,Ja,Danmark,"{'report_id': 30945783, 'tld': 'dk', 'source': 'Google Web Risk', 'category': 'Phishing', 'added': '2025-02-28', 'url': 'extraportal.dk', 'details': 'https://transparencyreport.google.com/safe-browsing/search?url=extraportal.dk', 'active': 'No'}",
0x502D0889D38463C45470A89BE9E92A338072496653AC4A9E587FC8D4028D939C,hoh.dk,1996-11-06,Ja,Danmark,"{'report_id': 18777392, 'tld': 'dk', 'source': 'SURBL', 'category': 'Phishing', 'added': '2024-03-02', 'url': 'hoh.dk', 'details': 'No Data', 'active': 'No'}",
0xAD33DE269A22F7C382EB834D3551C49E47010CA361D33372030EE44BB782F7F3,technyheder.dk,2017-04-21,Ja,Danmark,"{'report_id': 25685831, 'tld': 'dk', 'source': 'SURBL', 'category': 'Spam', 'added': '2024-11-01', 'url': 'technyheder.dk', 'details': 'No Data', 'active': 'No'}",
0xCF1E609EA4489D5F1093C9EB046F1C01EDEBD600A51975D5CD67451C3F4D2099,avanticon.dk,2005-11-11,Nej,Danmark,"{'report_id': 35857129, 'tld': 'dk', 'source': 'SURBL', 'category': 'Phishing', 'added': '2025-07-24', 'url': 'avanticon.dk', 'details': 'No Data', 'active': 'No'}",
0x60BC24974A3BED3DFACE1DF252D71D3C27DFED5DD2FA20C925243822706FBDBF,rb-farmsupply.dk,2007-10-19,Ja,Danmark,"{'report_id': 34138983, 'tld': 'dk', 'source': 'Malware Patrol', 'category': 'Malware', 'added': '2025-05-29', 'url': 'rb-farmsupply.dk', 'details': 'trojan', 'active': 'No'}",
0x35AC85E1EADE22DF321C2EA160BC6B8387BAD7E5E8393311E13A07AE5DF235C3,kaffe-portalen.dk,2011-11-04,Ja,Danmark,"{'report_id': 18670122, 'tld': 'dk', 'source': 'Google Web Risk', 'category': 'Phishing', 'added': '2024-02-27', 'url': 'kaffe-portalen.dk', 'details': 'https://transparencyreport.google.com/safe-browsing/search?url=kaffe-portalen.dk', 'active': 'No'}",
0x9B48F2C9CF60621EEA551958AEA91A5C349F61B7867D509B6110DA1BE321A07C,danskhygge.dk,2000-10-19,Ja,Danmark,"{'report_id': 18670090, 'tld': 'dk', 'source': 'Google Web Risk', 'category': 'Phishing', 'added': '2024-02-27', 'url': 'danskhygge.dk', 'details': 'https://transparencyreport.google.com/safe-browsing/search?url=danskhygge.dk', 'active': 'No'}",
0x663FADC27470A04CC8E157A0726EB491D5A75BC81FF00664C13EEEAED8350B0D,fransjacoby.dk,2001-11-05,Ja,Danmark,"{'report_id': 18670101, 'tld': 'dk', 'source': 'Google Web Risk', 'category': 'Phishing', 'added': '2024-02-27', 'url': 'fransjacoby.dk', 'details': 'https://transparencyreport.google.com/safe-browsing/search?url=fransjacoby.dk', 'active': 'No'}",
0xC4D7DF5C173907F3C668190DFD185C2ED5BFB99A4728664DF0FCAAFFA3B1D683,eclectic.dk,1999-10-01,Nej,Danmark,"{'report_id': 18670093, 'tld': 'dk', 'source': 'Google Web Risk', 'category': 'Phishing', 'added': '2024-02-27', 'url': 'eclectic.dk', 'details': 'https://transparencyreport.google.com/safe-browsing/search?url=eclectic.dk', 'active': 'No'}",
0x8D43CA17C893F13E362D3961B5CC9C1487D9594E74681030BA26CAAC2CFF33BD,ittilsynet.dk,2009-02-06,Ja,Danmark,"{'report_id': 18670119, 'tld': 'dk', 'source': 'Google Web Risk', 'category': 'Phishing', 'added': '2024-02-27', 'url': 'ittilsynet.dk', 'details': 'https://transparencyreport.google.com/safe-browsing/search?url=ittilsynet.dk', 'active': 'No'}",
0x45637397CD885DED57D9E54848D6458356CEB91FBC0A1F849781B42860E3816F,skovgaard-damgaard.dk,2022-03-31,Ja,Storbritannien,"{'report_id': 25685828, 'tld': 'dk', 'source': 'SURBL', 'category': 'Spam', 'added': '2024-11-01', 'url': 'skovgaard-damgaard.dk', 'details': 'No Data', 'active': 'No'}",
0x7F47F1710CB4BA09A23650A878A7A29A12E3697B9BBABE567230AE8B43241403,u-web.dk,2024-11-04,Ja,Cypern,"{'report_id': 25773588, 'tld': 'dk', 'source': 'Spamhaus', 'category': 'Spam', 'added': '2024-11-05', 'url': 'u-web.dk', 'details': 'https://check.spamhaus.org/results/?query=u-web.dk', 'active': 'No'}",
0xF029E4B87C65B34B44A11131A406083C6A9A824D909BB293ADED605BECCC9369,eugroup.dk,2002-12-13,Ja,Danmark,"{'report_id': 27762342, 'tld': 'dk', 'source': 'CRDF Threat Center', 'category': 'Phishing', 'added': '2024-12-25', 'url': 'http://eugroup.dk', 'details': 'No Data', 'active': 'No'}",
0xF8AB26537777AEB3EE1E972C5B38655E8BAEC53E49CE92AE70F71B3316B29996,abo-sommerhuse.dk,2000-10-18,Nej,Danmark,"{'report_id': 18670074, 'tld': 'dk', 'source': 'Google Web Risk', 'category': 'Phishing', 'added': '2024-02-27', 'url': 'abo-sommerhuse.dk', 'details': 'https://transparencyreport.google.com/safe-browsing/search?url=abo-sommerhuse.dk', 'active': 'No'}",
0xD96E99E52B586725145305A159A85CCB7D6AFDB5B566C8BD4D35372B0E4ED605,oauth.dk,2024-03-05,Ja,Danmark,"{'report_id': 19096058, 'tld': 'dk', 'source': 'Spamhaus', 'category': 'Phishing', 'added': '2024-03-22', 'url': 'oauth.dk', 'details': 'https://check.spamhaus.org/results/?query=oauth.dk', 'active': 'No'}",
0xA06A55E3320F53E4A281B8383CBC0F0E6DF5F58BB1830AA249DD510D2FB3984C,o-s-f.dk,2000-04-06,Ja,Danmark,"{'report_id': 20703364, 'tld': 'dk', 'source': 'Google Web Risk', 'category': 'Phishing', 'added': '2024-06-03', 'url': 'o-s-f.dk', 'details': 'https://transparencyreport.google.com/safe-browsing/search?url=o-s-f.dk', 'active': 'No'}",
0xBB7B040524C880417A7B7378329C37046B853032AF01635FAD2CB340758BD5B6,magentocloud.dk,2013-10-17,Ja,Danmark,"{'report_id': 31430431, 'tld': 'dk', 'source': 'Google Web Risk', 'category': 'Phishing', 'added': '2025-03-10', 'url': 'magentocloud.dk', 'details': 'https://transparencyreport.google.com/safe-browsing/search?url=magentocloud.dk', 'active': 'No'}",
0x6FE36432E98B15BD36005DC0B8B04FD18174C3996D19308824A2876E1A4F6C06,boardwise.dk,2013-04-22,Nej,Danmark,"{'report_id': 18670009, 'tld': 'dk', 'source': 'Google Web Risk', 'category': 'Phishing', 'added': '2024-02-27', 'url': 'boardwise.dk', 'details': 'https://transparencyreport.google.com/safe-browsing/search?url=boardwise.dk', 'active': 'No'}",
0x8A5FDA6A0FC37895DDE0B9A10226FF937F958292F9FFE4B5BC75FDE0B89262E9,mnwebdesign.dk,2024-04-15,Ja,Danmark,"{'report_id': 18670246, 'tld': 'dk', 'source': 'Malware Patrol', 'category': 'Malware', 'added': '2024-02-27', 'url': 'mnwebdesign.dk', 'details': 'trojan', 'active': 'No'}",
0x832BD7AF19F9E0469D5457CC28CF13D52D0371FE13B18F85F776163205034F08,darioackermann.dk,2025-07-26,Nej,Danmark,"{'report_id': 36354766, 'tld': 'dk', 'source': 'Spamhaus', 'category': 'Spam', 'added': '2025-08-20', 'url': 'darioackermann.dk', 'details': 'https://check.spamhaus.org/results/?query=darioackermann.dk', 'active': 'No'}",
0xBE8A659C7CCD3FB5AC492068B7A2841B63D8BA65C95D27161B52EFCEB11B6BD0,70l5l000.dk,2025-04-15,Ja,Indonesien,"{'report_id': 33243180, 'tld': 'dk', 'source': 'Spamhaus', 'category': 'Spam', 'added': '2025-04-16', 'url': '70l5l000.dk', 'details': 'https://check.spamhaus.org/results/?query=70l5l000.dk', 'active': 'No'}",
0xB542CFC3C3D5DDD407FCE06E6EB41ECCF2AA28E288381C0FA35C081DFBEAECCB,duospin.dk,2025-07-19,Nej,Ukraine,"{'report_id': 35902220, 'tld': 'dk', 'source': 'Spamhaus', 'category': 'Spam', 'added': '2025-07-26', 'url': 'duospin.dk', 'details': 'https://check.spamhaus.org/results/?query=duospin.dk', 'active': 'No'}",
0x08B1D8196038EDFD78B0C9B7A368C53B9C53C94AC961FC67D97BB4B50AF20A7C,fredercia-edart.dk,2011-01-14,Ja,Danmark,"{'report_id': 18670102, 'tld': 'dk', 'source': 'Google Web Risk', 'category': 'Phishing', 'added': '2024-02-27', 'url': 'fredercia-edart.dk', 'details': 'https://transparencyreport.google.com/safe-browsing/search?url=fredercia-edart.dk', 'active': 'No'}",
0xDAE0719DA7DF67EB99C911137F026F3FAC13CD36B48BE71376DAE84339B42E20,inextremis.dk,2011-05-23,Nej,Danmark,"{'report_id': 18670117, 'tld': 'dk', 'source': 'Google Web Risk', 'category': 'Phishing', 'added': '2024-02-27', 'url': 'inextremis.dk', 'details': 'https://transparencyreport.google.com/safe-browsing/search?url=inextremis.dk', 'active': 'No'}",
0xCF447C0736913DB6B38E235071CDB9267A96BA8D6F03639A6A975F2B4E914F78,gieseconsult.dk,2011-04-04,Nej,Danmark,"{'report_id': 18670305, 'tld': 'dk', 'source': 'Malware Patrol', 'category': 'Malware', 'added': '2024-02-27', 'url': 'gieseconsult.dk', 'details': 'trojan', 'active': 'No'}",
0x6ED774BD0560CC597699EB0A5AD595282C86E67D9E7206308414063F420A1AE6,restaurantgeranium.dk,2024-01-11,Ja,Bulgarien,"{'report_id': 23064954, 'tld': 'dk', 'source': 'Spamhaus', 'category': 'Spam', 'added': '2024-09-02', 'url': 'restaurantgeranium.dk', 'details': 'https://check.spamhaus.org/results/?query=restaurantgeranium.dk', 'active': 'No'}",
0x7849CC6A3830B7663D6FC5826D93525E5BD1384A365F2A3F2AEB8E0D0BD95886,overline-beauty.dk,2025-02-17,Ja,Rumænien,"{'report_id': 32749372, 'tld': 'dk', 'source': 'Spamhaus', 'category': 'Spam', 'added': '2025-04-04', 'url': 'overline-beauty.dk', 'details': 'https://check.spamhaus.org/results/?query=overline-beauty.dk', 'active': 'Yes'}",
0x5E9C0E85E16878C67F08473F2BFF61E7BF05F642F39AB47B6298C8B1A6E784DA,purecanna.dk,2025-02-23,Ja,Ukraine,"{'report_id': 31161496, 'tld': 'dk', 'source': 'Spamhaus', 'category': 'Spam', 'added': '2025-03-05', 'url': 'purecanna.dk', 'details': 'https://check.spamhaus.org/results/?query=purecanna.dk', 'active': 'Yes'}",
0x7EAF94F52AF4F6AE9B8AAAC9723B3A6FAE7A006853AF4679F201373D35CB8F4D,minimist.dk,2023-11-21,Ja,Østrig,"{'report_id': 36354778, 'tld': 'dk', 'source': 'Spamhaus', 'category': 'Spam', 'added': '2025-08-20', 'url': 'minimist.dk', 'details': 'https://check.spamhaus.org/results/?query=minimist.dk', 'active': 'Yes'}",
0xC6272AAFBEF9132E62AE3D8E45492991A814B709B05850AFB5EE19B19B18A447,mobilabonnementet.dk,2025-02-25,Ja,Bulgarien,"{'report_id': 33054447, 'tld': 'dk', 'source': 'SURBL', 'category': 'Spam', 'added': '2025-04-07', 'url': 'telenor-apn.mobilabonnementet.dk', 'details': 'No Data', 'active': 'No'}",
0x5E9C0E85E16878C67F08473F2BFF61E7BF05F642F39AB47B6298C8B1A6E784DA,dailycbd.dk,2025-02-23,Ja,Ukraine,"{'report_id': 31172730, 'tld': 'dk', 'source': 'Spamhaus', 'category': 'Spam', 'added': '2025-03-06', 'url': 'dailycbd.dk', 'details': 'https://check.spamhaus.org/results/?query=dailycbd.dk', 'active': 'Yes'}",
0x5E9C0E85E16878C67F08473F2BFF61E7BF05F642F39AB47B6298C8B1A6E784DA,goldencbd.dk,2025-02-24,Ja,Ukraine,"{'report_id': 31161494, 'tld': 'dk', 'source': 'Spamhaus', 'category': 'Spam', 'added': '2025-03-05', 'url': 'goldencbd.dk', 'details': 'https://check.spamhaus.org/results/?query=goldencbd.dk', 'active': 'Yes'}",
0x5E9C0E85E16878C67F08473F2BFF61E7BF05F642F39AB47B6298C8B1A6E784DA,hempure.dk,2025-02-28,Ja,Ukraine,"{'report_id': 31161495, 'tld': 'dk', 'source': 'Spamhaus', 'category': 'Spam', 'added': '2025-03-05', 'url': 'hempure.dk', 'details': 'https://check.spamhaus.org/results/?query=hempure.dk', 'active': 'Yes'}",
0x172D2036D347BF78FB470EB1A8C64F70F4D7CB949517F1B255BA09B39350BEB6,regionstog.dk,2024-11-04,Ja,Bulgarien,"{'report_id': 25773587, 'tld': 'dk', 'source': 'Spamhaus', 'category': 'Spam', 'added': '2024-11-05', 'url': 'regionstog.dk', 'details': 'https://check.spamhaus.org/results/?query=regionstog.dk', 'active': 'No'}",
0x9990E53BC5BD6E3FDC085325D2E248A01B2348368BA5F04BD2BD43BBB98F1D8B,hatun.dk,2025-04-02,Ja,Danmark,"{'report_id': 33794035, 'tld': 'dk', 'source': 'Spamhaus', 'category': 'Spam', 'added': '2025-05-09', 'url': 'hatun.dk', 'details': 'https://check.spamhaus.org/results/?query=hatun.dk', 'active': 'Yes'}",
0x0ED3981352EC4536EE0DB549006D3461A0B5D6C9B72363DB3293743795AE81C8,hypekasino.dk,2025-09-16,Ja,Estland,"{'report_id': 37198204, 'tld': 'dk', 'source': 'Spamhaus', 'category': 'Spam', 'added': '2025-10-24', 'url': 'hypekasino.dk', 'details': 'https://check.spamhaus.org/results/?query=hypekasino.dk', 'active': 'Yes'}",
0x0EC4D93FD6BC0510303238C233E9B3256680DCBAE5D767AF828C6502C7F51488,udenlandskecasinoonline.dk,2025-10-23,Ja,Norge,"{'report_id': 37342651, 'tld': 'dk', 'source': 'Spamhaus', 'category': 'Spam', 'added': '2025-10-31', 'url': 'udenlandskecasinoonline.dk', 'details': 'https://check.spamhaus.org/results/?query=udenlandskecasinoonline.dk', 'active': 'Yes'}",
0xBE9209FA2774DB5CCD4AD95ED2FFDC0F31C8336393305C61FFAA8D76840327F3,luxosbet.dk,2025-08-01,Ja,Rumænien,"{'report_id': 36095465, 'tld': 'dk', 'source': 'Spamhaus', 'category': 'Spam', 'added': '2025-08-04', 'url': 'luxosbet.dk', 'details': 'https://check.spamhaus.org/results/?query=luxosbet.dk', 'active': 'Yes'}",
0x0D29B48641ED27B6726C77C87816A5C0478D3FB601A5308F100A6A326CB3FFAA,lombardo.dk,2025-08-25,Ja,Danmark,"{'report_id': 36447501, 'tld': 'dk', 'source': 'Spamhaus', 'category': 'Spam', 'added': '2025-08-26', 'url': 'lombardo.dk', 'details': 'https://check.spamhaus.org/results/?query=lombardo.dk', 'active': 'No'}",
0x860AC266FE786B591A938D5D6AA61391C95127607B07C2C636DDE8D527545E99,moodpasta.dk,2025-07-11,Ja,Tjekkiet,"{'report_id': 35478990, 'tld': 'dk', 'source': 'Spamhaus', 'category': 'Spam', 'added': '2025-07-15', 'url': 'moodpasta.dk', 'details': 'https://check.spamhaus.org/results/?query=moodpasta.dk', 'active': 'Yes'}",
0xFD016965656B13DEBE0DEED593E02E4303700584AAC92C1BE731CF64A68ED2AA,beierholms.dk,2025-04-15,Ja,Indonesien,"{'report_id': 33432624, 'tld': 'dk', 'source': 'Spamhaus', 'category': 'Spam', 'added': '2025-04-26', 'url': 'beierholms.dk', 'details': 'https://check.spamhaus.org/results/?query=beierholms.dk', 'active': 'Yes'}",
0x1B64E6A6A889BD004D6792B7909B335DCF0978EAD9C02A551745F3A1529687A0,halalpower.dk,2025-04-30,Ja,Sverige,"{'report_id': 33569881, 'tld': 'dk', 'source': 'Spamhaus', 'category': 'Spam', 'added': '2025-05-02', 'url': 'halalpower.dk', 'details': 'https://check.spamhaus.org/results/?query=halalpower.dk', 'active': 'Yes'}",
0x0E7912DF8370425B8A16B9ECB48C713954D10F771830C69C6D200080B1C07921,deposito.dk,2023-06-09,Ja,Schweiz,"{'report_id': 36515431, 'tld': 'dk', 'source': 'Spamhaus', 'category': 'Spam', 'added': '2025-08-30', 'url': 'deposito.dk', 'details': 'https://check.spamhaus.org/results/?query=deposito.dk', 'active': 'Yes'}",
0xEA1EFC8698213AFCF8FF3C61D8FD5BDB0FEF6AE2214E8AE59A06B20F84FCB4C0,pricesky.dk,2025-07-02,Ja,Danmark,"{'report_id': 35174031, 'tld': 'dk', 'source': 'Spamhaus', 'category': 'Spam', 'added': '2025-07-05', 'url': 'pricesky.dk', 'details': 'https://check.spamhaus.org/results/?query=pricesky.dk', 'active': 'Yes'}",
0x0F7BA267D1400EB31B461A947E0D1085B58358EE330301AA90F643E9F780C115,estatetool.dk,2017-05-24,Ja,Danmark,"{'report_id': 27521022, 'tld': 'dk', 'source': 'Malware Patrol', 'category': 'Malware', 'added': '2024-12-13', 'url': 'plugin.estatetool.dk', 'details': 'trojan', 'active': 'No'}",
0xE85ECB5443BF41558590F0D49218D910C03C8767D5120DEFA9BBDD1BC0C37111,jiver.dk,2005-08-22,Nej,Danmark,"{'report_id': 30773878, 'tld': 'dk', 'source': 'SURBL', 'category': 'Phishing', 'added': '2025-02-15', 'url': 'jiver.dk', 'details': 'No Data', 'active': 'No'}",
0xD37D646EEEAE9E68B45E98529035120915F744BA3FF6ED640016FE97A1E002A9,safiorida.dk,2013-08-22,Ja,Italien,"{'report_id': 18670298, 'tld': 'dk', 'source': 'Malware Patrol', 'category': 'Malware', 'added': '2024-02-27', 'url': 'safiorida.dk', 'details': 'trojan', 'active': 'Yes'}",
0xCAB3F2CE6CE55DA6F118C78551BA243F12D0D79C22002287E786749487F0E53E,eksakt.dk,2002-01-08,Ja,Danmark,"{'report_id': 18670097, 'tld': 'dk', 'source': 'Google Web Risk', 'category': 'Phishing', 'added': '2024-02-27', 'url': 'eksakt.dk', 'details': 'https://transparencyreport.google.com/safe-browsing/search?url=eksakt.dk', 'active': 'No'}",
0x009CB0A735B6C81188259D701925A6B089EF990C189B7E92B001DF945A93001D,autoriseret.dk,2001-02-15,Nej,Danmark,"{'report_id': 18670082, 'tld': 'dk', 'source': 'Google Web Risk', 'category': 'Phishing', 'added': '2024-02-27', 'url': 'autoriseret.dk', 'details': 'https://transparencyreport.google.com/safe-browsing/search?url=autoriseret.dk', 'active': 'No'}",
0xD3024155F52044227D700F042F96E9BF8FE8E5C4C58C0CC8EA781D3A59797F77,erhvervsfysioterapeuten.dk,2000-03-29,Ja,Danmark,"{'report_id': 18670098, 'tld': 'dk', 'source': 'Google Web Risk', 'category': 'Phishing', 'added': '2024-02-27', 'url': 'erhvervsfysioterapeuten.dk', 'details': 'https://transparencyreport.google.com/safe-browsing/search?url=erhvervsfysioterapeuten.dk', 'active': 'No'}",
0x4CE8420FB237E44DFD29B2CD81E816A67F2F028B04D25F35EB24CA61A65F8055,dupont-el.dk,2001-03-08,Ja,Danmark,"{'report_id': 18670092, 'tld': 'dk', 'source': 'Google Web Risk', 'category': 'Phishing', 'added': '2024-02-27', 'url': 'dupont-el.dk', 'details': 'https://transparencyreport.google.com/safe-browsing/search?url=dupont-el.dk', 'active': 'No'}",
