BrugerId,Domæne,OprettetDato,RegistrantValideret,RegistrantLand,label,Certifikat
0x0783B98C429A701E3AA490C842CD5484470768B6FE0277BF16F2C4B29F1315C9,mnwebdesign.dk,2007-05-25,Ja,Danmark,popular,
0xDBE37C06C9A168056CBB7322751BEABE6EF93C72C87E314D7DFB73E2E9E01690,groenjord.dk,1998-11-02,Ja,Danmark,popular,
0xF629EA3ABA2340116EB972A67D2A846D91E8E7F25A0529B8B975FB8D98E1F9F1,flatrate.dk,1999-08-09,Ja,Danmark,popular,
0xBC76565A5A72539C52F30EE7A81C87B2A0FC5639683FB473A5BE4CB16592BEB5,netdns.dk,2023-03-22,Ja,Danmark,popular,
0xCC293CCAE60A5ED03D4D3EE299B17FAF1E2C78A05B8660A800F76F3CA94A8F77,gpserver.dk,2001-01-03,Ja,Danmark,popular,
0xF44AF59AEAA3E0BD4C8A9F9F31EF1D7DD0DA50D736E7DB6FAC9C47D5CA94D4C1,danbase.dk,2006-10-03,Ja,Danmark,popular,
0xB2541D10A5CF58E468D552DE1E5601494A1A16EE1E12C3968F1F828242671FD1,storj.dk,2015-12-31,Ja,Danmark,popular,
0x1925CC4C63BEE31C66C5206B0E24224088701CCDC353A9AFA7D448045875AABD,ipweb.dk,1998-11-03,Ja,Danmark,popular,
0x82D2B35A3D4AADCDA7046DE21146E497FE0D64EAA7BE2E69DF1C7E6FB820D76E,homospot.dk,1998-05-28,Nej,Danmark,popular,
0xE39A4B8EAB9A632B0F771957DF98EB2D31FA879B2A660B446A2841C1B7590405,nielsens.dk,1998-03-24,Ja,Danmark,popular,
0x07DC0F72203503C81E906509AE9DB0DFC62062A0D5C621AC44E952172A5ED23F,helsingor.dk,1997-01-31,Ja,Danmark,popular,
0x55D33DDEA7744D1DD8430F8ADC67293BFACC762448280AC90C4FC02EB84A2C00,timeplan.dk,1999-03-18,Nej,Danmark,popular,
0xB37C076E3255B81D08EF42146E52F71767C4F7A0C0E14276A53078CDF64C093D,bloggersdelight.dk,2010-09-28,Ja,Danmark,popular,
0x309C5221C398882816381B4786F100B2D86A0C407CC9DAC9FF301A4AB7409548,finansforbundet.dk,1996-09-20,Ja,Danmark,popular,
0x3785A3533931EE4EF1BC5B929BD974468DA7DCB35FDEDD0081F04A771FC87DE0,20dage.dk,2011-11-22,Ja,Danmark,popular,
0x7B626CB2D453375530E6CF4A88AEB5E56EE6534FCB975ECDC440BAABDAF626B8,kids-world.dk,2005-11-26,Ja,Danmark,popular,
0x63D947B2211C7820F8E1E4E768A30A5C89480E074ECA5174DEBB7F03A732059C,kongernessamling.dk,2014-07-16,Ja,Danmark,popular,
0xDCC5FDCAA4FBC32D67CD19565C9404AB1184AD73AE5B80F8073B47A0667476BD,foa.dk,1998-01-06,Ja,Danmark,popular,
0x75C24B3CB2EC4D0FE2C9097B5A0A006F1006D3BCCD5FD5D3CFF13FB76C06D5C7,iglobe.dk,2009-10-23,Nej,Danmark,popular,
0xACDFD59B751CD0D27200509652F9F1089995B2857E2F48A349CFBF3044059BBA,temponizer.dk,2011-08-26,Ja,Danmark,popular,
0xAE7BFB5629F95713E4804A44424FDF4C916B6E8836A13475E0886C16C43E46B2,rema1000.dk,1997-01-31,Ja,Danmark,popular,
0xC6A164A14838F88B6EB977344880538C002DD09F3EEB80E355158D3AE1B138DC,huma.dk,2011-08-01,Ja,Danmark,popular,
0x2365DC56FB54BB372BFB1805FE5C41EAB9DA6CF0F9BD8BC569A6C75503CA4A65,danhostel.dk,1998-02-16,Ja,Danmark,popular,
0x2F0F623B28EE3BA2F613C044003B7A342FF675DD607164B2AF9A3E803B470E06,biltorvet.dk,2000-03-01,Ja,Danmark,popular,
0x9C3E49B70C1FBD5148ED30EE68D8CF37735AE14B3D660D81DAEDB3301ED9102A,netdoktor.dk,1998-02-25,Ja,Danmark,popular,
0xDBB08DCBA7EBF93B00DD9A32C832885BD2668F92E069D35CC2D7B129D2E4E815,kulturnatten.dk,1998-10-08,Ja,Danmark,popular,
0x56063097F9951A31CC9ABAD8CBC022CA616E24A7680977DC6EB325E2A6467CE4,lex.dk,2003-06-26,Ja,Danmark,popular,
0xC3A3D18034C43478457D3BBDC85476599781505A1EF4C050350C2EE4818CFDD6,hooked4pets.dk,2009-01-22,Ja,Danmark,popular,
0xCC013F2E11D6A3B685729D65F4CA70C129C2566805E3700AD45B88C7AD446FEA,boligbasen.dk,1997-09-15,Ja,Danmark,popular,
0x6E04B0259C319BD08911F0AF9238D224B0CF737C0EC74DCF74BABF56C58E4D55,onlinehost.dk,2006-03-16,Ja,Danmark,popular,
0x3C80727677B8F7F5D539B39DEB0737086CBE2D30C0CDFF8BD7B9AC0662EBD528,smukfest.dk,1997-01-07,Ja,Danmark,popular,
0x5F885304B09668FCCA73CFD6544AC1E6EF246CB2C0DF5EF91B5C5A1AA071A790,e-pages.dk,2006-03-27,Ja,Danmark,popular,
0x47889DC5A6188DED3BEF16C780C29D8A267F2F8E28C0CDC623084A3225CB465C,m.dk,1997-01-31,Ja,Danmark,popular,
0x05CC43AF629F091D7F4925F435EF5E42216ED6A2126C12DEE1A55636544DAC37,dmzhouse.dk,2003-03-26,Ja,Danmark,popular,
0x616901B362F9D9325059E86E37A635A2A633F919113791D49DC3A9961D52A5A9,lisen.dk,2005-03-29,Nej,Danmark,popular,
0xD6D0B72956379F1896D6B9EA8E63523F85E6B25C855A993A6E6C2A8F83612885,bog.dk,1997-01-31,Ja,Danmark,popular,
0xAE0E2BEB72F69FB8DDC66455766E5D99695BA63B4140DD8711A436D6D0322CF7,sydspanien.dk,2002-01-18,Nej,Danmark,popular,
0x85B0E4C3B46CCE3C7457656E8A9E5F1D6F13725C8BA608457E3D530071CDAC3A,bsd-dk.dk,1999-04-23,Ja,Danmark,popular,
0x010BB1D66B6CACFE2870A0DED7D2D9ECB7117A02B04A27299246A2F35DAA847E,jeppo-dns.dk,2000-12-21,Ja,Danmark,popular,
0xFBC718CB64974B633E593FCBA5EE3D4E524D152DE01528EAC9024DABC5BEDB81,e-shop.dk,2003-08-14,Ja,Danmark,popular,
0xFBC718CB64974B633E593FCBA5EE3D4E524D152DE01528EAC9024DABC5BEDB81,yayhosting.dk,2012-10-19,Ja,Danmark,popular,
0xFBC718CB64974B633E593FCBA5EE3D4E524D152DE01528EAC9024DABC5BEDB81,e-studio.dk,2002-03-06,Ja,Danmark,popular,
0xFBC718CB64974B633E593FCBA5EE3D4E524D152DE01528EAC9024DABC5BEDB81,atznet.dk,2001-03-26,Ja,Danmark,popular,
0xFBC718CB64974B633E593FCBA5EE3D4E524D152DE01528EAC9024DABC5BEDB81,whmhosting.dk,2014-10-04,Ja,Danmark,popular,
0x66D46CA2B2D60A1FB0BD56AE6DD1205CF34E4A997B73B532A2AE08309DEB4D21,apollorejser.dk,1998-03-24,Ja,Sverige,popular,
0x2EE3FC0AF54050DD9E0398FE85A85967CEA6125E090B72671190D5A27541949C,em.dk,1994-10-21,Ja,Danmark,popular,
0x2EE3FC0AF54050DD9E0398FE85A85967CEA6125E090B72671190D5A27541949C,uim.dk,2004-09-15,Ja,Danmark,popular,
0x2EE3FC0AF54050DD9E0398FE85A85967CEA6125E090B72671190D5A27541949C,mitid.dk,2007-05-30,Ja,Danmark,popular,
0x2EE3FC0AF54050DD9E0398FE85A85967CEA6125E090B72671190D5A27541949C,kum.dk,1998-08-25,Ja,Danmark,popular,
0x2EE3FC0AF54050DD9E0398FE85A85967CEA6125E090B72671190D5A27541949C,nyidanmark.dk,2001-09-11,Ja,Danmark,popular,
0x2EE3FC0AF54050DD9E0398FE85A85967CEA6125E090B72671190D5A27541949C,digitalpost.dk,2012-02-21,Ja,Danmark,popular,
0x2EE3FC0AF54050DD9E0398FE85A85967CEA6125E090B72671190D5A27541949C,kefm.dk,2019-06-27,Ja,Danmark,popular,
0x2EE3FC0AF54050DD9E0398FE85A85967CEA6125E090B72671190D5A27541949C,mst.dk,1994-11-24,Ja,Danmark,popular,
0x2EE3FC0AF54050DD9E0398FE85A85967CEA6125E090B72671190D5A27541949C,fstyr.dk,1997-04-30,Ja,Danmark,popular,
0x8399C11F919B76B2C7AF8A08C19F367E9FED38222B5ED120AF4C9918DDA3274C,eifo.dk,2022-04-01,Ja,Danmark,popular,
0x53FF1837649732C428DE43D478533FBB41354853257EA221F16E0F5043C66DB6,boxit.dk,1999-12-20,Ja,Danmark,popular,
0x0B0AE2AACC2BBEFEA6A9ACF8FEDB7EE127D9DD64A42D19937E7ACB3A55B8EB99,dinero.dk,2012-12-17,Ja,Danmark,popular,
0x554934327EFCFD596A806636CD264E717EB07757E3AEAE8FB3CFBBF414528993,jetcom.dk,1999-09-10,Ja,Danmark,popular,
0xC9C2E9C4AA37787928B6A3D9AD0A474D02E75B9CB79C0536AE64A9E49D21F765,barlife.dk,2006-05-09,Ja,Danmark,popular,
0x289F124B8E5E36A474FEE05D6D4D08B25DEA82EE56B874274F3CAE67D8BFA10E,finans.dk,1997-01-31,Ja,Danmark,popular,
0x1D0D696EA56E98C48689FAAE84F9FF502EEE88FE0D21B9AEB71CC28EB9F74E75,altinget.dk,2000-01-25,Ja,Danmark,popular,
0x0B0AE2AACC2BBEFEA6A9ACF8FEDB7EE127D9DD64A42D19937E7ACB3A55B8EB99,workbox.dk,2009-07-09,Ja,Danmark,popular,
0xC53A55D0C655FA6BFD7718522A205918E7C00D9B036EDFD5207F5F8B4F1A6EE1,skisport.dk,1998-07-14,Ja,Danmark,popular,
0xA7D6F9ADDD57BF755CD1D23113BE4352D2DB673ED3C9AA3249DF1E8747CFBADF,ppi.dk,1998-02-11,Ja,Danmark,popular,
0x0767D1FE9ABB1459BCBD1A43FFB7CD489A7ED8D826E50A670FA7FA1C65BA8AFF,cotonshoppen.dk,2007-11-13,Ja,Danmark,popular,
0x6D7AE3309A839B3B9A18337F63F0A1C0C521A8B81EB338530F300D587C5BDD35,spf-protect.dk,2024-02-21,Ja,Danmark,popular,
0xD1B44234601A4239235BD0E7F6A42CEFB1684B66BD19BA990730EB3BC5887891,ns4.dk,2014-02-19,Ja,Nederlandene (Holland),popular,
0x2F6E1A67CF8FDF2693626C3463F6695EF50B9D39FA05EEE2FE3FE7DA5DE5DC69,licitationen.dk,1998-03-24,Ja,Danmark,popular,
0x9F8D99C0D0428C14FF7210DD8BE2ECA3CF64342992E55412319B1B4E331BF42C,internet.dk,1995-11-10,Ja,Danmark,popular,
0x989775622E35BABA09248F2F95FE9ECB367FEADC264168C2BA53687A72F573CA,opdagdanmark.dk,2015-12-05,Ja,Danmark,popular,
0xEC8217EA64078EA0F2ED7C9454DDE6A78B992435DB6E060BB3081247617B4C58,hjem-is.dk,1996-12-18,Ja,Danmark,popular,
0xCAD16AFE07E7C9881802C6E03155066C252752ACBFC96B5C67E6C4CC6B0F200E,krn.dk,1997-11-14,Ja,Danmark,popular,
0x2190194850FCC463CACAFB997CCCDA168F3460406934B3786A5A1FC68EC4738A,loebeshop.dk,2005-04-20,Ja,Danmark,popular,
0xCCB78B66F21F86DA2A6BFC6AAABAB1F70BED3E2C60CAC480645EBA9A3C97C744,tivolicasino.dk,2010-04-27,Ja,Danmark,popular,
0xD6C06AE08BDB75429339F00658C50B3D042C493DB8B54E5F5E02DA4ADE7D63E8,cphdox.dk,2003-04-28,Ja,Danmark,popular,
0x0479D747122D5859FF83E9AD6FBF682A48B7101BAE44B207639F37054C0050F2,min-mave.dk,2001-08-02,Ja,Danmark,popular,
0x76900A7304E38326351A792ABE79DCED18B25788894410216262C44F5E2CF255,wayf.dk,2008-01-21,Ja,Danmark,popular,
0xCD143022E3B0570849AF13A7A0DB004768BA49344BBCB77C81945F1E0E1F31AD,plantetorvet.dk,2003-01-02,Ja,Danmark,popular,
0xDD89FCCF2272506B4211B76D2B12C1D14FD3E4D9C5186F5DD3C9189957C8C324,asom-net.dk,2007-11-29,Ja,Danmark,popular,
0x8A9D5014A0BE4BF267940C2B388D4F1BDFAF668E9DCA37F4072C3ACEE9B85E97,bankdata.dk,1996-09-09,Ja,Danmark,popular,
0xB721FBF77E59488F76AC282B350162BBDAFD84F9754B0A460F4D0B1E4A571AA6,sdu.dk,1997-10-09,Ja,Danmark,popular,
0x24DE708134A3E399D4F9D26EF06B0123641BBA6F2C8F142314B3ECC96DD311E9,sonderborg.dk,1997-01-31,Ja,Danmark,popular,
0x20F1E65FC416332C1EBC6A33AAA23B07024933D601A187C4DC6093F217AC4394,regsj.dk,2004-07-02,Ja,Danmark,popular,
0xB499A253F2D8247FA0D77F5B58335EB5D0EEB1ADC225A38359E0AC8D62959F4C,diabetes.dk,1998-02-16,Ja,Danmark,popular,
0x9E9B4EDAF26794E707C959CAFB4B307B765698F8FECDBAAF08E9348355FD2555,myip.dk,2000-04-25,Ja,Danmark,popular,
0x0FB45822D64BB564A079BDED5723DBDD3FC1AE32F0D0FD1925181D979E355223,midtjyllandsavis.dk,1997-01-31,Ja,Danmark,popular,
0x020201074CACD276F6BD0A052C16E2853F7EC65D0CD7C646283DEA8EA94315A9,wattoo.dk,2007-09-29,Ja,Danmark,popular,
0x4DD575FC7D2B40CA76E4F7AE22807AA753F449089E32B3480724FD79B1A5C068,totalsex.dk,2004-03-28,Ja,Danmark,popular,
0x7D557EE6916210EC86D72775AE8244AB61BC83F041475122FAC9823DE7EF429A,abakomp.dk,1997-10-07,Ja,Danmark,popular,
0x6120895324276EAF111E17F2E23B13EDD04F9BB61130F75364EE4D8B334697D9,escort5.dk,2006-09-28,Ja,Danmark,popular,
0x52F9F663926020BD308B952CCAE829104797A59772EC295DE9E3AC86A0E02323,webaway.dk,2002-10-22,Ja,Danmark,popular,
0xFB36F3665D82AACB7D4948C7F21C1953BE8BBAF45E15E1AC351B16BE71C1E543,netseidbroker.dk,2020-08-24,Ja,Danmark,popular,
0x56E8B5A89C3AF7F4F04FC8889393AD0A1F71AD00EB921DBAABB47944D37B59B7,bambuni.dk,2014-07-06,Ja,Danmark,popular,
0x30174C823FF885C941877D2D0F765FBBA9279C03604E7B3AEE6B7FEDCA456960,ft.dk,1995-07-04,Ja,Danmark,popular,
0x832DF67211FC3FBA211FAFDCD79C990010A47D7DBD5631BBD373F30F4804C80A,profdoc.dk,1999-09-13,Ja,Danmark,popular,
0x1570DA8B8F5908AAC17A0287A219736D7DD0774A7857AA65908EC33F76E2B269,dust2.dk,2015-06-09,Ja,Danmark,popular,
0xE574F10D369E073D17027E4D537AC2C8EE771568389BC291B66A7935DE314C13,kvikbolig.dk,2021-07-03,Ja,Danmark,popular,
0x222E2EAF1A025DCE2E496B74A0AAA061AFAAA61C0208EFE3681C3C679722B2F1,klub-modul.dk,2009-02-27,Ja,Danmark,popular,
0x11082514EB022D2BA481CAFFAE4667F7BE78B1212D1CFF5E3DF1429EF3A06236,handyhand.dk,2016-04-27,Ja,Danmark,popular,
0x6D7AE3309A839B3B9A18337F63F0A1C0C521A8B81EB338530F300D587C5BDD35,centerasecurity.dk,2020-02-07,Ja,Danmark,popular,
0x6C877197B049B4A25611CE48B051FAF36736CC140C058146185EE3E8DC7BD79A,billigsport24.dk,2006-01-18,Ja,Danmark,popular,
0x14E9E65E6CCB4EE226337E2994A762B89DB8B2ADDC5398665C0F1EF5CF2BB18C,onwelcom.dk,2015-10-11,Ja,Danmark,popular,
0x3D3573DDFF47B31EF0FC066ACD02273B08B23ADBECB6DADAEBA381A5A77B4817,fymasauctions.dk,2015-11-24,Ja,Danmark,popular,
0x560203BA71B48592E3164FCFF14C7CF0414C5D5742C30FDE21B01862F1937DD7,cykelpartner.dk,2005-12-23,Ja,Danmark,popular,
0x6903EE8B9482BDE9F286CF6FE998AF5E2A93AB4A0131666F47E31C01D01C37B3,huntershouse.dk,2000-07-14,Ja,Danmark,popular,
0x9C770AF6909DF3224740128348C90C6D044F61313D9D5E73F34A63B7FEB76825,riversen.dk,2002-09-10,Ja,Danmark,popular,
0x652E0B6CEC65568697297800B35D049913AD24B0F6AE779D513AA2FC91556010,seniornews.dk,2020-11-09,Ja,Danmark,popular,
0xCD04CD9618B2A7855E542CAEE8D363F5D337B8C529C140862B14CC3776BC70F2,dlrk.dk,2000-03-27,Ja,Danmark,popular,
0x971B4B0510C0603E2DC0BBB388C7FB34D0FA96B66FA199EFEE264D7DD265CDDB,wizkids.dk,2004-11-30,Ja,Danmark,popular,
0xD005163482E632AFCC6993190C2B44F7767C15369430DCFAF55A95CB360E33FB,incover.dk,2010-03-08,Ja,Danmark,popular,
0x475B0586079E826FC91416EA3C9E183765D771D7DA3924A8F7FE42851D826E9B,alexandra.dk,1997-01-31,Ja,Danmark,popular,
0x9A52C6757B3F5995F5CA6F66EDB9B06BEF45DDDAABA7D87B0756723D9B18BE47,gigtforeningen.dk,1996-12-03,Ja,Danmark,popular,
0x2A22522FD63963E4F6D206D9561784382F306137B155EF865A9C0E9BC5F274D1,itlagersalg.dk,2011-10-10,Ja,Danmark,popular,
0x075567EE122D6065FA480A332A02A505833F2886F6F22F04DDF150FE3ED6E49C,alstrom.dk,1999-08-06,Ja,Danmark,popular,
0xEAA4BC7EDE7CC386935AF5FBFCD4651D1CE0BDAA63FBC48F5943AF3A0EB2E32B,poweron.dk,2011-08-03,Ja,Danmark,popular,
0x3DAE4770DB4742BDC10C4C18365BD2FCC93C258E98383F7AC14AA6F678024E74,digitalweb.dk,2004-11-12,Ja,Danmark,popular,
0xC67C6D23C8D64799E077EE89624FC1FE447A7FA2613DE54D5183D561E482D3EB,powerdata.dk,2000-03-22,Ja,Danmark,popular,
0x612AF4F8D099B251C29219674FC52E743F441C72C126EB88B6C5D7D7CA2F4350,albatros.dk,1995-12-15,Ja,Danmark,popular,
0x2E599AC54A3B13033999807E1D31F0FECCC7BE80CAABDE44D8CFE71B806760C5,im.dk,1998-07-28,Ja,Danmark,popular,
0x976B6C4B50A331E3F56CD68EE277BFFF4B763C2FE42FE1102AB5BA5175F45B6B,mitspace.dk,2008-09-22,Ja,Danmark,popular,
0x976B6C4B50A331E3F56CD68EE277BFFF4B763C2FE42FE1102AB5BA5175F45B6B,aze.dk,2015-05-24,Ja,Danmark,popular,
0xDB225831BFACEB0FFD6B0E5E210F2B8E0E2C1DEB5DD23A2D2B73E1B4BE71DB29,mcg.dk,1997-05-14,Ja,Danmark,popular,
0x06C22F0512CB6840678ED8DA32422AB18CE615626CB005134FADF36DA0AAA82A,smartkidz.dk,2006-08-15,Ja,Danmark,popular,
0x2EE3FC0AF54050DD9E0398FE85A85967CEA6125E090B72671190D5A27541949C,forbrug.dk,1998-02-16,Ja,Danmark,popular,
0xDBEEE31F0D87C74285CED9FCB4D1ECC6A9D69A09652757F414010DA48BF74D74,av-connection.dk,2001-03-08,Ja,Danmark,popular,
0x168B8504211C40F50612E1CEED0FE1CAF470B9DB183AE9B83FE96F6227DF5B91,fotoagent.dk,2002-01-07,Nej,Danmark,popular,
0x20F1E65FC416332C1EBC6A33AAA23B07024933D601A187C4DC6093F217AC4394,minsundhedsplatform.dk,2016-03-18,Ja,Danmark,popular,
0xBA5B0231EF42E641541432CAED3F65D803797154C8485AE4E8187DECA18AEFEA,wnb.dk,2011-12-21,Ja,Danmark,popular,
0x1256CAD982FFBBED41A464E1C0FDC4E090CC228CD64F7952369F335A4B501B0B,it-kons.dk,1997-11-28,Ja,Danmark,popular,
0xD669649D57A5932A186FCA65DAE81D5265322C1584C69428CFE322EEE478F3DE,apoteket-online.dk,2010-12-08,Ja,Danmark,popular,
0x7F6AA77D4A2A3252122B49D5AD03949DE1C7381683DC3342F98F8E3656244EB4,dsb.dk,1996-04-23,Ja,Danmark,popular,
0x1F90E44A0F82C024D77ADC1D80A8A392020E08C202DDBA78103F8743E2644C7E,parknet.dk,2003-06-02,Ja,Danmark,popular,
0x3DB77147009192987CF9FE26D52A8EFBF9D3967111537357F43239DE0E1891D7,ge4.dk,2012-04-09,Ja,Danmark,popular,
0x2D26BCCAB349C3AE8EAE2AF913497A79C72739B8010E0C30D24B60D86190393D,ucl.dk,2006-04-08,Ja,Danmark,popular,
0x6F42ABE981FF41FF1017BDD9FBAC9E6B08810905C80931D423FE3DE9AE871553,esmark.dk,2004-04-26,Ja,Danmark,popular,
0x2EE3FC0AF54050DD9E0398FE85A85967CEA6125E090B72671190D5A27541949C,sitad.dk,2009-08-27,Ja,Danmark,popular,
0x1443BFE62E930DEBFD0513EE0EDE09BE41187CBE5222B9808970245CFADF4A7F,pakke.dk,1997-01-31,Ja,Danmark,popular,
0x668E5B4D9DDB3516943D9607082BDD5C64302503180B8F1FFCB3DB67F1676973,iteras.dk,2010-12-08,Ja,Danmark,popular,
0x68FBCD3F02C213A17F6C7F387A53F6F81FB97D02A363A2BF586D705300D74C59,apoteket.dk,1997-10-07,Ja,Danmark,popular,
0x3F99E6B82B7B8CD8E01F61DFA343A6CC7178E760D235BA29E53E19A32D99FB63,filcolana.dk,2003-10-10,Nej,Danmark,popular,
0xED9E019D08D118094E5E0652ECD3BCBD1429E77AA76AA0C229059943D9F9D4E1,aveo.dk,2020-06-05,Ja,Danmark,popular,
0xC42EA5CEB9ED0DCED7F2BB26416C68C357326E9F58E7C27A0AD2EC5350A9C3EA,eurotoys.dk,1999-06-10,Ja,Danmark,popular,
0x519A56DFD996B4D2BD3906178FB834A23BAE363B3D2EF9ACE67357014D83BAAA,billigskabe.dk,2008-06-25,Ja,Danmark,popular,
0xDE45BF307FC62B87426CA8F023CE4C41C579388E73E298467FF50E31D775CF07,sundhedsvejen.dk,2004-06-01,Ja,Danmark,popular,
0xD03330CF82D4BD671D596D4B0517F68570444CCC9F6B6C9F6AC4FF62AD0ED213,spillemyndigheden.dk,2000-11-13,Ja,Danmark,popular,
0xD03330CF82D4BD671D596D4B0517F68570444CCC9F6B6C9F6AC4FF62AD0ED213,skm.dk,1998-09-03,Ja,Danmark,popular,
0xA351CC3713A88234FDF4FD511110CDF02A0AD92960B5E8C11052E79E6CDEE05B,realdania.dk,2002-02-04,Ja,Danmark,popular,
0x64AFBFCF822B672C66484783122C6C4EC8482DEBCAB73437CC8D8B59D984DFC3,brandbyhand.dk,2013-08-14,Ja,Danmark,popular,
0x0976A3192697DA9658A8ABBA2AEFF896B46ECA1C1DCFEE064D1CFC32417C7E89,idefadev.dk,2014-08-26,Ja,Danmark,popular,
0xE735CC125B915ACFAEA61AD3A5DC3DA18BA364EDA2288E76BFBC6EEF47C240AD,web-track.dk,2005-08-10,Ja,Danmark,popular,
0xF4331EB05B96F6B47371134FBF52E85D87EE9D43DAEACBB9F28A8086AE232C4B,outsource.dk,2006-03-24,Ja,Danmark,popular,
0xA4EB2C63177BB7A19515E317A5237B0C4B86791AB0B9D63DDFFECEC99BC7993C,invent-it.dk,2003-08-13,Ja,Danmark,popular,
0x289F124B8E5E36A474FEE05D6D4D08B25DEA82EE56B874274F3CAE67D8BFA10E,feltet.dk,2003-02-25,Ja,Danmark,popular,
0x0563B8E20E76DBE36F161B6CCBE3A6CFD2E5DC29197694908AFD7D0D2D5ACBAA,dinoffentligetransport.dk,2014-08-19,Ja,Danmark,popular,
0x91EB5D1429832226095C0FB269B0D49D891456B0D352064D79E0F78DE2FE84E0,aktiedysten.dk,2017-08-17,Ja,Danmark,popular,
0xEF6CB838DCE378BE60E5E316E3543E0B79282D2F560149099B5D0A25911BE238,dn.dk,1996-05-24,Ja,Danmark,popular,
0xE649FC2BA7ABB862C6A656D97065979B394B96D5EA716A7807F607554B234F50,eatonline.dk,2011-04-26,Ja,Danmark,popular,
0x3FEDE639EA921CF65A0F971C12A1837680461A72E8E0EC182D2B270D04D144D1,nyheder24.dk,2017-07-11,Ja,Danmark,popular,
0x95B857A9ECB607CB1B14A860D71B6FA6C2D37FF9529ABCA5F96CF508D860BFAC,meyers.dk,1997-09-29,Ja,Danmark,popular,
0xFCEF20DD3262CE9346367D35A98EEC635499DB205430C412C3B5508AE00C5979,auktionshusetsonderjylland.dk,2016-11-23,Ja,Danmark,popular,
0x7253010ADEE16DCA5113F6AE68BC472770E37E6B11022F7F1B86D2F42C8F3F91,check-in.dk,2010-07-03,Ja,Danmark,popular,
0x03BC910BC46C9914DF95FEBE7445EFE452305059C6DA085F48C957DEB034A503,ries.dk,1998-07-10,Ja,Danmark,popular,
0x3FEDE639EA921CF65A0F971C12A1837680461A72E8E0EC182D2B270D04D144D1,pensionist.dk,1998-07-13,Ja,Danmark,popular,
0x0FA9F0F3A06EA1D7DEBEF869CDF57136492169ECA8F528CB0BEA70380470442D,luxplus.dk,2013-09-10,Ja,Danmark,popular,
0xB258279B317F77C08D98D5CC7F5E541F64BA1A18D381B27712EAB71853B51090,mielke.dk,1998-07-09,Ja,Danmark,popular,
0x57B3A4355C6B6BEFA76377DD56CBA55E70A9D1C960575DC0B4460F337823F5C0,blodproever.dk,2018-09-18,Ja,Danmark,popular,
0x27D59F8AE6172ADEAB82A55385F03072D06CA1C04EFC48B63F68B3AAC86C4060,dr.dk,1998-03-11,Ja,Danmark,popular,
0xC99A70003EEDD7304688AD99DFB4EBB5C6C57BFD2665319D51C238AC6E054EA5,itconfidence.dk,2020-03-19,Ja,Danmark,popular,
0x2133C412ADCEB250F91F29631A413B7C761A92DC488453389BBC43068ABA4BEC,carl-ras.dk,1999-01-16,Ja,Danmark,popular,
0xEEFE3113EB9A6BA8A464C11D102152877BA6438F6DE481BA373BAD428380B1D5,information.dk,1996-03-05,Ja,Danmark,popular,
0x289F124B8E5E36A474FEE05D6D4D08B25DEA82EE56B874274F3CAE67D8BFA10E,politiken.dk,1995-01-24,Ja,Danmark,popular,
0xD27874F92A213A0FB7A8651B96F9BF727D5FAB085F3326A273EA4509D8324498,alinea.dk,1998-02-16,Ja,Danmark,popular,
0x50D1612F04BAE531C21F1228556842B5C75F8C7DAF7DAB0E058EA7B01E99C234,retsinformation.dk,1997-01-31,Ja,Danmark,popular,
0x4038659CE71910745E7AF3F26EB934718B7C49BF958B54E8DA3C91A5D42E7792,horoskopnettet.dk,2014-06-06,Ja,Thailand,popular,
0x3FEDE639EA921CF65A0F971C12A1837680461A72E8E0EC182D2B270D04D144D1,dagens.dk,2007-06-11,Ja,Danmark,popular,
0x4FF54B914474C45E73D498B6DD4959978F5777C8C6C3B50A4A0E81C94D6DB7BB,mermaidconsulting.dk,2000-05-03,Ja,Danmark,popular,
0x289F124B8E5E36A474FEE05D6D4D08B25DEA82EE56B874274F3CAE67D8BFA10E,eb.dk,1996-06-05,Ja,Danmark,popular,
0x75459EA8D742A1AA518C3C1AFABCDF8B9FD4A3687EB68E33475C7478EFE79527,bn.dk,2003-06-25,Ja,Danmark,popular,
0x9A521C1007F16F770DD20C380CF0202DB07866B37DEB3FEFE40F6D58F3BE90AA,magle.dk,1998-06-29,Ja,Danmark,popular,
0xCB96F9BD2C748941604F884EAA039D24E8D9D8F117C0609C0C9935E8BD534198,special.dk,2003-06-25,Ja,Danmark,popular,
0x282160CCA4A1061B036D0063CEDA40E69AE763946FD20189F6D13A48FAB706C3,kiku.dk,1998-04-26,Ja,Danmark,popular,
0x1A96FBE63CBC2D585907A70A554135F5BFE94A6B1D5627E6CF38F2FD9E2A3FEB,homeshop.dk,2003-06-19,Ja,Danmark,popular,
0x726D4076975ABF8F646E03A4EDCE2BE2854565F9F8B8B7360CAF9FC2FBD844A6,netic.dk,2002-08-29,Ja,Danmark,popular,
0x898BF63710B3ED9B516497601D9899AA28C4613B6D80C7C397D24C325E7A8C91,auh.dk,1997-01-07,Ja,Danmark,popular,
0x898BF63710B3ED9B516497601D9899AA28C4613B6D80C7C397D24C325E7A8C91,rm.dk,2003-06-25,Ja,Danmark,popular,
0x7D73A2872B60E796F377B3BED45F2E47112EF073908E55B344923B377F5E9B7A,reffen.dk,2017-10-05,Ja,Danmark,popular,
0x3D41B0661270AED0E310DB85A5B1209254BDE9675F6B88B412DE622FDD7B662D,datafordeler.dk,2012-10-08,Ja,Danmark,popular,
0x3D41B0661270AED0E310DB85A5B1209254BDE9675F6B88B412DE622FDD7B662D,dataforsyningen.dk,2015-10-09,Ja,Danmark,popular,
0x87B6721C5D2D5680BD86C67088D8F2CB1B098F2F7D39A5A057D12D13886B1609,kringelholt.dk,1999-06-21,Nej,Danmark,popular,
0x31DB0DEB37BDA5054AFC99DD42FC5216E9A813FC453E937CA9E61D05539EEFE2,johannesfog.dk,1998-05-04,Ja,Danmark,popular,
0x62C0410E635A9AAF9FA5623CA4F32630C32EB32B8EF1748CBC5879046DB971C1,sikkertrafik.dk,2001-04-23,Ja,Danmark,popular,
0x1A92995B0D50BFEF4978E662850B56F08C55918B2718AF55FDD3761ECA1063DD,feline.dk,2000-04-26,Ja,Danmark,popular,
0x81CD0A7751FA4161F78CC0026FC63DF249D4B36F9C063BB529ACBD8FAA1C01C0,100bananer.dk,2019-06-11,Ja,Danmark,popular,
0xB3CAA716831A0F391DFD1878E7941E11CAA62278CB3C1F7501FE98A3F1F7EC05,dedanskecasinoer.dk,2005-08-17,Ja,Danmark,popular,
0xB3CAA716831A0F391DFD1878E7941E11CAA62278CB3C1F7501FE98A3F1F7EC05,casinodanmarkjackpot.dk,2005-08-26,Ja,Danmark,popular,
0xED08EC5E99A6A2E6505F87034BC05402575167B53443B4F89AEBE883C9C3E746,topbildele.dk,2015-03-04,Ja,Tyskland,popular,
0xDB5F7660CA3CD3923CEACA2D6D48120FFA9003D467894EAB7637AE00A759E87B,matas.dk,1995-08-24,Ja,Danmark,popular,
0x971B00A4913952DFB1E558B4AC2842B488F2E4C17DC71B1F46E790B49C4A1FC7,webhot.dk,1996-07-22,Ja,Danmark,popular,
0x8667137F4A337BAF13E095E23662C611D373F6D566E21E7A5091EAA6BC5EA823,uvm.dk,1994-09-22,Ja,Danmark,popular,
0xFC2C50DCE6AB2A3258059ED433C4F1C7E9037CA511E5121B7C0E3E37120FEB25,fagbladet3f.dk,2009-09-28,Ja,Danmark,popular,
0x60D230D2394BDECC517C213C12CD3A79CF950A04CD90CB5B2BFE3CC104A5E76B,xraysoft.dk,1999-07-09,Ja,Danmark,popular,
0x12D9198BA67A67A9008BC86C4515401D53C13A8A41EA90B9A71E66C9C7A2D078,emd.dk,1996-09-20,Ja,Danmark,popular,
0xE858D295D8C7637BE7799E58BFCE52001E8FCD24281C44B8E0191E3EDF766E67,odense.dk,1997-01-31,Ja,Danmark,popular,
0x556C27EC7D19733AFDE47FAA5D618F936FBD37F19D31FB7E9244B6BE0BDDF48D,ok.dk,1996-02-26,Ja,Danmark,popular,
0xB8A7FEAAD7D4F2C76C19A05434D1F55D656F2D14807B842F6D861249F4B52721,odensezoo.dk,1998-02-16,Ja,Danmark,popular,
0x1F56D5813B12F09246A320DFB6AEDE7C19F9E6165BE00C36359ED8E035659E71,bd.dk,1997-01-31,Ja,Danmark,popular,
0xFDB5A71B24D1E049E52A8E6341D7345A68AD5A243D1724CCB4B96269C220B697,avisen.dk,1997-01-31,Ja,Danmark,popular,
0x270569B44C458E7F0AF2781C384ED0FF8DC91E63F3C536316C8ED8BD1DFFE92D,boligsiden.dk,1999-02-03,Ja,Danmark,popular,
0x7104DB0F786FCDDB5AAF44025F4A0404706DF393EB3451704C70EBA54E321D4A,itu.dk,1999-04-12,Ja,Danmark,popular,
0x27D9992EE7E5CA69D57861EE938C5BEFC7B64010BC42864254B4769EAC53D70F,jfm.dk,1999-10-13,Ja,Danmark,popular,
0x3CA0836DBFEDC3C4D0EEBDCA207FD5E490D3F9EEA1A1DFBF93897703082366D8,nmesvr.dk,2018-02-07,Ja,Danmark,popular,
0x76900A7304E38326351A792ABE79DCED18B25788894410216262C44F5E2CF255,darenet.dk,1997-10-02,Ja,Danmark,popular,
0x76900A7304E38326351A792ABE79DCED18B25788894410216262C44F5E2CF255,i2.dk,1997-10-02,Ja,Danmark,popular,
0x1FC25B601AED8A6CB75598C8E6AC63B464CFF0CD910667601E0C42CF6B947094,bookingstudio.dk,2003-10-03,Ja,Danmark,popular,
0x8D16933AE002480C35B597017363720272CB7319BCFEF6ACD373BA0541621605,groenjord.dk,2024-02-07,Ja,Danmark,popular,
0x2729322D31849FB7F4D3A865F382D74917B744E396535A364808021F5ACF7528,flatrate.dk,2022-12-08,Ja,Danmark,popular,
0x642A758582412082A342404E4D7EFDD9CCE39B0E4EC83A7E14427EBA907003E9,sciencemuseerne.dk,2014-01-23,Ja,Danmark,popular,
0x83720ED53F57A9BBD2FFF1AB18A0F8AFA55A365F6096A86AD639554920EFAA0A,troelsgravesen.dk,2005-01-18,Ja,Danmark,popular,
0x050586EE993F2F80C95F5325E99D11957F32504F113552E3764807380C8AE683,bib.dk,1998-04-06,Ja,Danmark,popular,
